{"type": "block", "layer": 0, "block": 7, "features": [{"geom": {"polygons": [[[[49.99994999999872, 2.9668122099985084], [49.64749784592101, 2.7786980087244775], [49.591229942353024, 2.884120853576568], [49.49703506975126, 2.8338488549055967], [49.43549536161572, 2.9491486066057404], [49.73331258023186, 3.1081019020251843], [49.70667539710264, 3.158003019947708], [49.68004262914578, 3.207904137911348], [49.38222982578425, 3.0489508424096563], [49.320690117659005, 3.164250593945319], [49.41488057493936, 3.2145270078965833], [49.358612671337966, 3.3199498526253164], [49.9637707956445, 3.642938392593118], [49.99994999999872, 3.5751512171822832], [49.99994999999872, 2.9668122099985084]]]], "centroids": [[49.73065092532719, 3.2030168516748976, 6.689098710009142]], "h": 0.9934305014865061}, "mtl": {"face": 0}}, {"geom": {"polygons": [[[[49.64869879303207, 4.233261288012758], [49.77343392677888, 3.999553451135817], [49.733007928225206, 3.9779805558575716], [49.824796491329714, 3.806006697912189], [49.86522248989623, 3.8275795931904337], [49.9637707956445, 3.642938392593118], [49.358612671337966, 3.3199498526253164], [49.302344767739136, 3.425377112757707], [49.20814989517849, 3.375100698847559], [49.14661018710207, 3.4904048657457554], [49.444427405669366, 3.6493581612063233], [49.39115745451391, 3.749160397051363], [49.05623008766842, 3.5703958897032106], [48.99469037953803, 3.6857000565602824], [49.12599981557235, 3.7557832670777223], [49.06973191201979, 3.861206111847572], [49.38361621322327, 4.028738231577727], [49.35742938517846, 4.077800452659301], [49.64869879303207, 4.233261288012758]]]], "centroids": [[49.49469860759812, 3.757953448212443, 6.689098710009142]], "h": 0.9934305014865061}, "mtl": {"face": 0}}, {"geom": {"polygons": [[[[49.99994999999872, 2.6085224042042388], [49.995560571685694, 2.6167467607665693], [49.96892780376996, 2.666647878689093], [49.67111058515382, 2.5076945831874085], [49.609570876969464, 2.622998750085597], [49.70376574949671, 2.673270748715452], [49.64749784592101, 2.7786980087244775], [49.591229942353024, 2.884120853576568], [49.49703506975126, 2.8338488549055967], [49.43549536161572, 2.9491486066057404], [49.73331258023186, 3.1081019020251843], [49.70667539710264, 3.158003019947708], [49.68004262914578, 3.207904137911348], [49.38222982578425, 3.0489508424096563], [49.320690117659005, 3.164250593945319], [49.41488057493936, 3.2145270078965833], [49.358612671337966, 3.3199498526253164], [49.302344767739136, 3.425377112757707], [49.20814989517849, 3.375100698847559], [49.14661018710207, 3.4904048657457554], [49.444427405669366, 3.6493581612063233], [49.39115745451391, 3.749160397051363], [49.05623008766842, 3.5703958897032106], [48.99469037953803, 3.6857000565602824], [48.77579569524675, 4.139463787722978], [48.66049594358002, 4.077924079561748], [48.50154264811432, 4.375741298116195], [48.40174041230525, 4.322471347071248], [48.56069370781465, 4.024658543673735], [48.44538954086506, 3.963118835594738], [48.39511754228146, 4.057313708109132], [48.28969469746792, 4.001041389286551], [48.18426743740236, 3.9447734855797885], [48.23454385127653, 3.850583028427928], [48.11923968441688, 3.7890389050686455], [47.96028638891519, 4.08685612354086], [47.86048415311641, 4.033590587693958], [48.0194374486438, 3.7357733690983927], [47.90413769698478, 3.6742336610194033], [47.85386128308492, 3.7684285335337897], [47.74843843823796, 3.712160629991501], [47.64301117819553, 3.6558927262847387], [47.69328759209282, 3.5616978538525856], [47.57798342527173, 3.5001581457324793], [47.419030129695514, 3.797970949006635], [47.319232309161606, 3.7447054131186226], [47.47818118945754, 3.446888194564167], [47.362881437816505, 3.3853484864029366], [47.312605023952614, 3.479543358958447], [47.20718217904912, 3.4232754552928015], [47.10175933431011, 3.367007551750513], [47.04795513833322, 3.467807633252336], [46.943048877381855, 3.411817890230267], [46.88554028944232, 3.5195631547526247], [46.83762603260686, 3.493990046039978], [46.79171188237296, 3.345748138988114], [47.03118603148375, 3.2715808253275056], [47.00312713883766, 3.180988794146272], [47.041787038702395, 3.169014645195854], [47.0145449667425, 3.0810496857223817], [46.92514946731235, 3.1087376975352137], [46.90399602050085, 3.0404426620490743], [46.799469470814834, 3.072815250560609], [46.77386104007315, 2.9885900051224974], [46.82101587457838, 2.9742536991436515], [46.79310268506913, 2.8748135135687143], [46.762301924296324, 2.8292172611592177], [46.65523219249823, 2.772075138698119], [46.5791000940338, 2.9147185130210382], [46.47929785829413, 2.861452977174143], [46.6382467384924, 2.563640173735506], [46.52294698692846, 2.5021004656565164], [46.47267057302346, 2.5962909229317344], [46.36724772819449, 2.540023019266081], [46.261824883365534, 2.483755115682676], [46.31209688199795, 2.3895602432094063], [46.196797130387765, 2.3280205350893], [46.03784383491693, 2.625837753684872], [45.93804159910786, 2.5725678025576766], [46.01571903380914, 2.4270324416831723], [45.92954666450848, 2.381043232370479], [45.85809031233894, 2.372058205397933], [45.75365648279378, 2.40380382900114], [45.76827094927485, 2.4518726195006333], [45.7040600169216, 2.4713924250271204], [45.68402804277725, 2.477432482413526], [45.6527592657783, 2.37261894167754], [45.58424788315891, 2.3930615338359855], [45.55749590356706, 2.303379043363584], [45.46924836834191, 2.329707159249538], [45.480816314591934, 2.368486270821231], [45.389941707612756, 2.395600300554695], [45.46008673145806, 2.6307342622339496], [45.306228630622904, 2.676635166639824], [45.26498139619011, 2.654625161902177], [45.32248998413736, 2.54687548218176], [45.2109122854979, 2.487322635061333], [45.26471206613796, 2.386522553559518], [45.159289221324414, 2.330254649852748], [45.053861961287126, 2.273986746228219], [45.10413837521011, 2.1797918736727087], [44.9888342083222, 2.1182521655937188], [44.829880912815376, 2.4160649689912392], [44.73007867706029, 2.362799433185468], [44.88903197251828, 2.0649866297057065], [44.77373222083614, 2.0034425063053], [44.72345580702108, 2.097637378819694], [44.618032962148426, 2.041369475236289], [44.47828157447219, 1.966778297998274], [44.42447737853127, 2.0675827948214986], [44.32277217139017, 2.0132973369163643], [44.265263583527734, 2.1210426015209705], [44.214148272707256, 2.0937607922877315], [44.17030045801715, 1.9521859077773147], [44.406626536262294, 1.8789899483384402], [44.378152610404065, 1.7870600973850697], [44.41279905106804, 1.7763310480196763], [44.383468567437866, 1.6816328373760512], [44.29078370928807, 1.710340771288239], [44.27267678266391, 1.651882905209752], [43.967040162224066, 1.7465413786597055], [43.949900174574765, 1.6911918463457178], [43.61409858885158, 1.7951929817169114], [43.72914667145369, 2.1666609301263327], [43.80979115188814, 2.141683879647796], [43.84531181144781, 2.2682336798403853], [43.87611698743923, 2.313825517010706], [43.953957786293174, 2.35537298819042], [43.94015572518717, 2.381237503140807], [44.033984132223125, 2.4313196462806266], [44.00246810151951, 2.4903691552306904], [44.29504442225773, 2.646523184285662], [44.47968120767498, 2.7450714901084563], [44.5012585181667, 2.7046499067682563], [44.67323237604012, 2.7964384699036153], [44.651659480833835, 2.8368600532026913], [44.83629626627421, 2.9354083589021283], [45.09454404417029, 3.073243529500542], [45.12606449019274, 3.0141940205093616], [45.21989289719528, 3.0642717483277573], [45.23369937356616, 3.038407233336254], [45.34586871531108, 3.0982779781294543], [45.400891519327445, 3.098489910103194], [45.52579884770013, 3.057569403872931], [45.54429873127117, 3.119568297607188], [45.75780681467361, 3.055873949234341], [45.74359855087493, 3.0082466833100687], [45.83430979376312, 2.9811812211663877], [45.88119529822647, 3.0062068393580645], [45.85961798770648, 3.0466328378963246], [46.04425918826782, 3.1451767283154615], [46.228900388924245, 3.243725034097139], [46.2504732841922, 3.203303450880296], [46.297358788581036, 